variant,method,model_seed_city_groups,success_rate_mean,success_rate_std,collision_rate_mean,collision_rate_std,timeout_rate_mean,timeout_rate_std,reward_mean_mean,reward_mean_std,steps_mean_mean,steps_mean_std,final_distance_mean_mean,final_distance_mean_std,best_distance_mean_mean,best_distance_mean_std,min_obstacle_distance_mean_mean,min_obstacle_distance_mean_std,avg_speed_mean_mean,avg_speed_mean_std,path_length_mean_mean,path_length_mean_std,path_efficiency_mean_mean,path_efficiency_mean_std,successful_path_stretch_mean_mean,successful_path_stretch_mean_std
full,HW_GA_SAC,15,0.9753333333333333,0.02510454331865241,0.007666666666666667,0.010668154658117955,0.017,0.025620862035235493,213.14034790477035,17.509761629034806,952.839,118.80501731829342,19.671883589108784,16.078563355515517,19.50577810796102,15.867246729493978,9.439778680751722,5.614694670840353,13.89362755496154,0.6363692756367527,1310.342025361429,207.24565515247343,0.7344085971529482,0.11482131230941593,1.4204257524542292,0.219993177539808
wo_handcrafted_safety,HW_GA_SAC_wo_handcrafted_safety,15,0.6533333333333333,0.24613923663147208,0.20433333333333334,0.21202144994810132,0.14233333333333334,0.19123533245964872,80.26766927834493,116.04468805768212,1166.3773333333334,332.4297362648162,75.23576391506195,74.76970461315457,69.39006298955282,71.8271130270057,7.2893559264987315,4.146629104320091,13.247282269549702,1.4428791433227284,1458.803207136159,446.1949952196182,0.9381523547747211,0.6025405585896808,1.563307692913965,0.44468235767874226
wo_lidar,HW_GA_SAC_wo_lidar,15,0.46166666666666667,0.25627598590656314,0.5356666666666666,0.2587322572706792,0.0026666666666666666,0.003716116764786033,22.079331595832002,99.66329583380876,546.569,153.28506086001056,291.72517981592813,129.89537519683793,291.6615484485626,129.8959266591385,20.514700738271078,9.51337614487676,13.504982107596382,0.6755718400515198,747.2902849782189,204.4403337236998,2.4865324918967464,1.0506938530319325,1.1461358070150671,0.09145951420031925

