method,condition,episodes,success_rate,collision_rate,timeout_rate,reward_mean,steps_mean,final_distance_mean,min_obstacle_distance_mean,avg_speed_mean
SAC,clean,100,0.89,0.03,0.08,186.4724673525891,899.11,30.802055921554565,20.908557848930357,13.488385209017029
SAC,noise,100,0.89,0.02,0.09,186.0531683584496,909.48,27.805191822052002,20.671300291717053,13.461986009146015
SAC,noise_latency,100,0.9,0.01,0.09,188.73388898370428,932.93,19.995015449523926,21.024522943329067,13.440078778683205
HW_GA_SAC,clean,250,0.9359999999999999,0.024,0.04,200.33611872583305,968.4440000000001,25.93201788330078,12.841538478888571,13.605696416589424
HW_GA_SAC,noise,250,0.9480000000000001,0.004,0.048,205.3285793187352,983.344,16.45134501647949,12.813147394686936,13.512531359052389
HW_GA_SAC,noise_latency,250,0.96,0.004,0.036,210.19671220355673,979.872,15.114368034362792,12.89814867730625,13.482643239758222
